[
    {
        "id": 5001,
        "priority": 1,
        "action": {
            "type": "block"
        },
        "condition": {
            "urlFilter": "||analytics.*^",
            "resourceTypes": [
                "websocket"
            ]
        }
    },
    {
        "id": 5002,
        "priority": 1,
        "action": {
            "type": "block"
        },
        "condition": {
            "urlFilter": "||tracking.*^",
            "resourceTypes": [
                "websocket"
            ]
        }
    },
    {
        "id": 5003,
        "priority": 1,
        "action": {
            "type": "block"
        },
        "condition": {
            "urlFilter": "||telemetry.*^",
            "resourceTypes": [
                "websocket"
            ]
        }
    },
    {
        "id": 5004,
        "priority": 1,
        "action": {
            "type": "block"
        },
        "condition": {
            "urlFilter": "*beacon*ws*",
            "resourceTypes": [
                "websocket"
            ]
        }
    }
]