[
    {
        "id": 1000,
        "priority": 20000,
        "action": {
            "type": "allow"
        },
        "condition": {
            "urlFilter": "||youtube.com^",
            "resourceTypes": [
                "main_frame",
                "sub_frame",
                "script",
                "image",
                "xmlhttprequest",
                "ping",
                "other",
                "stylesheet",
                "font",
                "media",
                "websocket"
            ]
        }
    },
    {
        "id": 1001,
        "priority": 20000,
        "action": {
            "type": "allow"
        },
        "condition": {
            "urlFilter": "||googlevideo.com^",
            "resourceTypes": [
                "main_frame",
                "sub_frame",
                "script",
                "image",
                "xmlhttprequest",
                "ping",
                "other",
                "stylesheet",
                "font",
                "media",
                "websocket"
            ]
        }
    },
    {
        "id": 1002,
        "priority": 20000,
        "action": {
            "type": "allow"
        },
        "condition": {
            "urlFilter": "||ytimg.com^",
            "resourceTypes": [
                "main_frame",
                "sub_frame",
                "script",
                "image",
                "xmlhttprequest",
                "ping",
                "other",
                "stylesheet",
                "font",
                "media",
                "websocket"
            ]
        }
    },
    {
        "id": 1003,
        "priority": 20000,
        "action": {
            "type": "allow"
        },
        "condition": {
            "urlFilter": "||yt3.ggpht.com^",
            "resourceTypes": [
                "main_frame",
                "sub_frame",
                "script",
                "image",
                "xmlhttprequest",
                "ping",
                "other",
                "stylesheet",
                "font",
                "media",
                "websocket"
            ]
        }
    },
    {
        "id": 1004,
        "priority": 200,
        "action": {
            "type": "allow"
        },
        "condition": {
            "urlFilter": "*gen_204*",
            "resourceTypes": [
                "main_frame",
                "sub_frame",
                "script",
                "image",
                "xmlhttprequest",
                "ping",
                "other",
                "stylesheet",
                "font",
                "media",
                "websocket"
            ]
        }
    },
    {
        "id": 1005,
        "priority": 200,
        "action": {
            "type": "allow"
        },
        "condition": {
            "urlFilter": "*generate_204*",
            "resourceTypes": [
                "main_frame",
                "sub_frame",
                "script",
                "image",
                "xmlhttprequest",
                "ping",
                "other",
                "stylesheet",
                "font",
                "media",
                "websocket"
            ]
        }
    },
    {
        "id": 1006,
        "priority": 200,
        "action": {
            "type": "allow"
        },
        "condition": {
            "urlFilter": "*sodar*",
            "resourceTypes": [
                "main_frame",
                "sub_frame",
                "script",
                "image",
                "xmlhttprequest",
                "ping",
                "other",
                "stylesheet",
                "font",
                "media",
                "websocket"
            ]
        }
    },
    {
        "id": 1,
        "priority": 1,
        "action": {
            "type": "block"
        },
        "condition": {
            "urlFilter": "||doubleclick.net^",
            "excludedInitiatorDomains": [
                "youtube.com",
                "youtu.be",
                "google.com"
            ],
            "resourceTypes": [
                "script",
                "image",
                "sub_frame",
                "xmlhttprequest",
                "ping"
            ]
        }
    },
    {
        "id": 2,
        "priority": 1,
        "action": {
            "type": "block"
        },
        "condition": {
            "urlFilter": "||googlesyndication.com^",
            "excludedInitiatorDomains": [
                "youtube.com",
                "google.com"
            ],
            "resourceTypes": [
                "script",
                "image",
                "sub_frame",
                "xmlhttprequest"
            ]
        }
    },
    {
        "id": 3,
        "priority": 1,
        "action": {
            "type": "block"
        },
        "condition": {
            "urlFilter": "||googleadservices.com^",
            "resourceTypes": [
                "script",
                "image",
                "sub_frame",
                "xmlhttprequest"
            ]
        }
    },
    {
        "id": 1007,
        "priority": 150,
        "action": {
            "type": "allow"
        },
        "condition": {
            "urlFilter": "googlesyndication.com",
            "initiatorDomains": [
                "youtube.com",
                "google.com",
                "ytimg.com",
                "googlevideo.com"
            ],
            "resourceTypes": [
                "script",
                "xmlhttprequest",
                "other",
                "ping"
            ]
        }
    },
    {
        "id": 1008,
        "priority": 150,
        "action": {
            "type": "allow"
        },
        "condition": {
            "urlFilter": "doubleclick.net",
            "initiatorDomains": [
                "youtube.com",
                "google.com",
                "ytimg.com",
                "googlevideo.com"
            ],
            "resourceTypes": [
                "script",
                "xmlhttprequest",
                "other",
                "ping"
            ]
        }
    },
    {
        "id": 1009,
        "priority": 200,
        "action": {
            "type": "allow"
        },
        "condition": {
            "urlFilter": "play.google.com/log",
            "initiatorDomains": [
                "youtube.com",
                "google.com"
            ],
            "resourceTypes": [
                "xmlhttprequest",
                "ping",
                "other"
            ]
        }
    },
    {
        "id": 4,
        "priority": 1,
        "action": {
            "type": "block"
        },
        "condition": {
            "urlFilter": "||google-analytics.com^",
            "resourceTypes": [
                "script",
                "image",
                "xmlhttprequest",
                "ping"
            ]
        }
    },
    {
        "id": 5,
        "priority": 1,
        "action": {
            "type": "block"
        },
        "condition": {
            "urlFilter": "||adservice.google.com^",
            "resourceTypes": [
                "script",
                "image",
                "sub_frame",
                "xmlhttprequest"
            ]
        }
    },
    {
        "id": 6,
        "priority": 1,
        "action": {
            "type": "block"
        },
        "condition": {
            "urlFilter": "||facebook.com/tr^",
            "resourceTypes": [
                "script",
                "image",
                "xmlhttprequest",
                "ping"
            ]
        }
    },
    {
        "id": 7,
        "priority": 1,
        "action": {
            "type": "block"
        },
        "condition": {
            "urlFilter": "||connect.facebook.net^",
            "resourceTypes": [
                "script"
            ]
        }
    },
    {
        "id": 8,
        "priority": 1,
        "action": {
            "type": "block"
        },
        "condition": {
            "urlFilter": "||amazon-adsystem.com^",
            "resourceTypes": [
                "script",
                "image",
                "sub_frame",
                "xmlhttprequest"
            ]
        }
    },
    {
        "id": 9,
        "priority": 1,
        "action": {
            "type": "block"
        },
        "condition": {
            "urlFilter": "||criteo.com^",
            "resourceTypes": [
                "script",
                "image",
                "xmlhttprequest"
            ]
        }
    },
    {
        "id": 10,
        "priority": 1,
        "action": {
            "type": "block"
        },
        "condition": {
            "urlFilter": "||criteo.net^",
            "resourceTypes": [
                "script",
                "image",
                "xmlhttprequest"
            ]
        }
    },
    {
        "id": 11,
        "priority": 1,
        "action": {
            "type": "block"
        },
        "condition": {
            "urlFilter": "||outbrain.com^",
            "resourceTypes": [
                "script",
                "image",
                "sub_frame"
            ]
        }
    },
    {
        "id": 12,
        "priority": 1,
        "action": {
            "type": "block"
        },
        "condition": {
            "urlFilter": "||taboola.com^",
            "resourceTypes": [
                "script",
                "image",
                "sub_frame"
            ]
        }
    },
    {
        "id": 13,
        "priority": 1,
        "action": {
            "type": "block"
        },
        "condition": {
            "urlFilter": "||adnxs.com^",
            "resourceTypes": [
                "script",
                "image",
                "sub_frame",
                "xmlhttprequest"
            ]
        }
    },
    {
        "id": 14,
        "priority": 1,
        "action": {
            "type": "block"
        },
        "condition": {
            "urlFilter": "||rubiconproject.com^",
            "resourceTypes": [
                "script",
                "image",
                "xmlhttprequest"
            ]
        }
    },
    {
        "id": 15,
        "priority": 1,
        "action": {
            "type": "block"
        },
        "condition": {
            "urlFilter": "||pubmatic.com^",
            "resourceTypes": [
                "script",
                "image",
                "xmlhttprequest"
            ]
        }
    },
    {
        "id": 16,
        "priority": 1,
        "action": {
            "type": "block"
        },
        "condition": {
            "urlFilter": "||openx.net^",
            "resourceTypes": [
                "script",
                "image",
                "xmlhttprequest"
            ]
        }
    },
    {
        "id": 17,
        "priority": 1,
        "action": {
            "type": "block"
        },
        "condition": {
            "urlFilter": "||scorecardresearch.com^",
            "resourceTypes": [
                "script",
                "image",
                "xmlhttprequest",
                "ping"
            ]
        }
    },
    {
        "id": 18,
        "priority": 1,
        "action": {
            "type": "block"
        },
        "condition": {
            "urlFilter": "||quantserve.com^",
            "resourceTypes": [
                "script",
                "image",
                "xmlhttprequest"
            ]
        }
    },
    {
        "id": 1100,
        "priority": 10,
        "action": {
            "type": "block"
        },
        "condition": {
            "urlFilter": "||trafficjunky.net^",
            "resourceTypes": [
                "script",
                "image",
                "sub_frame",
                "xmlhttprequest",
                "ping"
            ]
        }
    },
    {
        "id": 1101,
        "priority": 10,
        "action": {
            "type": "block"
        },
        "condition": {
            "urlFilter": "||trafficjunky.com^",
            "resourceTypes": [
                "script",
                "image",
                "sub_frame",
                "xmlhttprequest"
            ]
        }
    }
]